FAILED	server	Modrinth	Concurrent Chunk Management Engine
FAILED	server	Modrinth	Gravestone Curios Compatibility
MISSING_FILE	server	Modrinth	Right Click Harvest
MISSING_FILE	server	Modrinth	Sable-Collision damage
MISSING_FILE	server	Modrinth	SparseStructures
MISSING_FILE	client	Modrinth	3d-Skin-Layers
MISSING_FILE	client	Modrinth	Antique Atlas
FAILED	client	Modrinth	Barebones McQoy
FAILED	client	Modrinth	Camera Utils
MISSING_FILE	client	Modrinth	Chunks Fade In
FAILED	client	Modrinth	CIT Resewn
MISSING_FILE	client	Modrinth	Create: EMI Schematics
MISSING_FILE	client	Modrinth	Entity Model Features
MISSING_FILE	client	Modrinth	Entity Texture Features
MISSING_FILE	client	Modrinth	EntityCulling
FAILED	client	Modrinth	Highlighter
MISSING_FILE	client	Modrinth	Iris
MISSING_FILE	client	Modrinth	Jade
FAILED	client	Modrinth	Jade Addon: TFMG Compat
MISSING_FILE	client	Modrinth	Jade Addons
MISSING_FILE	client	Modrinth	LambDynamicLights
FAILED	client	Modrinth	Prism
FAILED	client	Modrinth	Punchy
FAILED	client	Modrinth	Resource Pack Options
FAILED	both	Modrinth	aero_copycats
MISSING_FILE	both	CurseForge	All The Leaks
MISSING_FILE	both	CurseForge	Architectury
MISSING_FILE	both	Modrinth	Bad Packets
MISSING_FILE	both	CurseForge	Capybara
FAILED	both	Modrinth	Cloth Config v15 API
FAILED	both	Modrinth	Cold Sweat x Create Aeronautics Compat
MISSING_FILE	both	Modrinth	Create Hypertube
MISSING_FILE	both	CurseForge	Create Tracks
MISSING_FILE	both	Modrinth	Create: Steam 'n' Rails 1.21.1
MISSING_FILE	both	Modrinth	create: things and misc
MISSING_FILE	both	Modrinth	Exposure Polaroid
MISSING_FILE	both	Modrinth	Ferrite Core
FAILED	both	Modrinth	GeckoLib 4
MISSING_FILE	both	Modrinth	Gravestone Mod
MISSING_FILE	both	CurseForge	MineColonies
MISSING_FILE	both	CurseForge	Multi-Piston
MISSING_FILE	both	CurseForge	OctoLib
MISSING_FILE	both	CurseForge	Pathfinding Edition For Minecolonies
MISSING_FILE	both	Modrinth	Player Animator
MISSING_FILE	both	Modrinth	Resourcefulconfig
MISSING_FILE	both	CurseForge	Towntalk
MISSING_FILE	both	CurseForge	UI Library Mod
MISSING_FILE	both	Modrinth	Vista
FAILED	both	Modrinth	Vista: All The Tapes
FAILED	both	Modrinth	Wakes
MISSING_FILE	both	Modrinth	What Are They Up To
MISSING_FILE	both	Modrinth	YetAnotherConfigLib
